{"cameraMode":{"drawMode":0,"name":"Shaded","section":"Shading Mode"},"sceneLighting":false,"audioPlay":false,"sceneViewState":{"m_AlwaysRefresh":false,"showFog":true,"showSkybox":false,"showFlares":true,"showImageEffects":true,"showParticleSystems":true,"showVisualEffectGraphs":true,"m_FxEnabled":true},"in2DMode":false,"pivot":{"x":0.00608748197555542,"y":2.2789084911346437,"z":0.11737048625946045},"rotation":{"x":0.022892452776432039,"y":-0.9539185762405396,"z":0.2897528111934662,"w":0.07511738687753678},"size":1.855276346206665,"orthographic":false}