{"cameraMode":{"drawMode":0,"name":"Shaded","section":"Shading Mode"},"sceneLighting":false,"audioPlay":false,"sceneViewState":{"m_AlwaysRefresh":false,"showFog":false,"showSkybox":false,"showFlares":false,"showImageEffects":false,"showParticleSystems":false,"showVisualEffectGraphs":true,"m_FxEnabled":true},"in2DMode":false,"pivot":{"x":0.005293428897857666,"y":0.8077465295791626,"z":0.10206127166748047},"rotation":{"x":-0.19161354005336762,"y":0.03150598332285881,"z":-0.0061098737642169,"w":-0.9809786081314087},"size":1.6132837533950806,"orthographic":false}