{"cameraMode":{"drawMode":0,"name":"Shaded","section":"Shading Mode"},"sceneLighting":true,"audioPlay":false,"sceneViewState":{"m_AlwaysRefresh":false,"showFog":true,"showSkybox":true,"showFlares":true,"showImageEffects":true,"showParticleSystems":true,"showVisualEffectGraphs":true,"m_FxEnabled":true},"in2DMode":false,"pivot":{"x":0.10973897576332092,"y":3.50874924659729,"z":10.764643669128418},"rotation":{"x":-0.03204483166337013,"y":0.9650160670280457,"z":-0.14079803228378297,"w":-0.2190268486738205},"size":1.1445523500442505,"orthographic":false}