{"cameraMode":{"drawMode":0,"name":"Shaded","section":"Shading Mode"},"sceneLighting":true,"audioPlay":false,"sceneViewState":{"m_AlwaysRefresh":false,"showFog":true,"showSkybox":true,"showFlares":true,"showImageEffects":true,"showParticleSystems":true,"showVisualEffectGraphs":true,"m_FxEnabled":true},"in2DMode":false,"pivot":{"x":-0.20057463645935059,"y":0.2647729516029358,"z":2.17740535736084},"rotation":{"x":-0.08195599913597107,"y":0.1347193419933319,"z":-0.011180948466062546,"w":-0.9874289035797119},"size":3.528101682662964,"orthographic":false}